x,y,value
cbp_intake,cbp_intake,1.0
cbp_intake,cbp_custody,0.94
cbp_intake,transfers,0.865
cbp_intake,hhs_care,0.662
cbp_intake,discharges,0.622
cbp_intake,net_flow,0.049
cbp_custody,cbp_intake,0.94
cbp_custody,cbp_custody,1.0
cbp_custody,transfers,0.886
cbp_custody,hhs_care,0.633
cbp_custody,discharges,0.596
cbp_custody,net_flow,0.112
transfers,cbp_intake,0.865
transfers,cbp_custody,0.886
transfers,transfers,1.0
transfers,hhs_care,0.657
transfers,discharges,0.628
transfers,net_flow,0.154
hhs_care,cbp_intake,0.662
hhs_care,cbp_custody,0.633
hhs_care,transfers,0.657
hhs_care,hhs_care,1.0
hhs_care,discharges,0.895
hhs_care,net_flow,-0.463
discharges,cbp_intake,0.622
discharges,cbp_custody,0.596
discharges,transfers,0.628
discharges,hhs_care,0.895
discharges,discharges,1.0
discharges,net_flow,-0.62
net_flow,cbp_intake,0.049
net_flow,cbp_custody,0.112
net_flow,transfers,0.154
net_flow,hhs_care,-0.463
net_flow,discharges,-0.62
net_flow,net_flow,1.0
