date,observations,hhs_mean,cbp_mean,average_load,reported_transfers,reported_discharges,coverage_pct
2023-01-01T00:00:00,8,7369.625,43.875,7413.5,276,1856,25.806
2023-02-01T00:00:00,19,7795.789,171.316,7967.105,2637,5183,67.857
2023-03-01T00:00:00,19,7945.368,245.105,8190.474,3399,5375,61.29
2023-04-01T00:00:00,21,7842.667,250.19,8092.857,3967,5668,70.0
2023-05-01T00:00:00,22,8187.136,216.955,8404.091,3622,6256,70.968
2023-06-01T00:00:00,20,6136.45,145.65,6282.1,2416,4029,66.667
2023-07-01T00:00:00,21,6828.095,245.286,7073.381,3897,4407,67.742
2023-08-01T00:00:00,20,9347.9,237.2,9585.1,3587,6470,64.516
2023-09-01T00:00:00,19,10701.316,291.053,10992.368,3971,6546,63.333
2023-10-01T00:00:00,22,10205.318,102.909,10308.227,2049,7658,70.968
2023-11-01T00:00:00,20,9726.1,183.5,9909.6,3198,5992,66.667
2023-12-01T00:00:00,19,11068.632,186.632,11255.263,3105,6804,61.29
2024-01-01T00:00:00,22,8851.045,170.591,9021.636,2850,6496,70.968
2024-02-01T00:00:00,20,8325.2,441.6,8766.8,6332,5273,68.966
2024-03-01T00:00:00,21,8382.667,321.19,8703.857,5209,5678,67.742
2024-04-01T00:00:00,22,7027.136,309.182,7336.318,5178,4474,73.333
2024-05-01T00:00:00,21,7490.286,345.762,7836.048,5194,4336,67.742
2024-06-01T00:00:00,21,7407.524,283.952,7691.476,4882,4911,70.0
2024-07-01T00:00:00,21,6286.333,212.429,6498.762,3679,3899,67.742
2024-08-01T00:00:00,19,6004.263,254.474,6258.737,3546,3073,61.29
2024-09-01T00:00:00,22,6213.409,239.227,6452.636,3987,3692,73.333
2024-10-01T00:00:00,21,6032.857,243.429,6276.286,3886,3194,67.742
2024-11-01T00:00:00,19,5914.684,236.737,6151.421,3414,3001,63.333
2024-12-01T00:00:00,22,6418.682,271.727,6690.409,4395,3662,70.968
2025-01-01T00:00:00,22,4991.091,88.955,5080.045,1750,3330,70.968
2025-02-01T00:00:00,19,2781.526,22.684,2804.211,341,1160,67.857
2025-03-01T00:00:00,22,2164.455,21.455,2185.909,190,309,70.968
2025-04-01T00:00:00,23,2273.13,24.87,2298.0,230,203,76.667
2025-05-01T00:00:00,18,2406.944,32.833,2439.778,252,205,58.065
2025-06-01T00:00:00,17,2492.412,19.059,2511.471,138,281,56.667
2025-07-01T00:00:00,21,2187.19,13.952,2201.143,88,396,67.742
2025-08-01T00:00:00,20,2001.3,25.6,2026.9,147,254,64.516
2025-09-01T00:00:00,22,2082.227,35.818,2118.045,260,237,73.333
2025-10-01T00:00:00,21,2231.048,34.333,2265.381,263,242,67.742
2025-11-01T00:00:00,19,2325.895,34.789,2360.684,182,159,63.333
2025-12-01T00:00:00,15,2445.267,36.2,2481.467,124,144,48.387
